"","LABEL","FID","NAME","TYPE","COG","SCHOOLD","CONGDIST","FIPS","REGION","ACRES","SQMI","MUNICODE","CNTL_ID","CNTYCOUNCI","EOC","ASSESSORTE","VALUATIONA","YEARCONVER","GlobalID","SHAPE_Leng","SHAPE_Area","Who.Polices.This.Muni...for.munis.without.their.own.dept.","Link.to.police.department","Do.they.have.a.police.union.","Total.Number.Police.Officers..as.of.2019.","Full.Time.Police..as.of.2019.","Part.Time.Police..as.of.2019.","Do.they.use.a.police.bill.of.rights.","Keywords.found.in.contract"
"21","Cheswick Borough",1,"CHESWICK","BOROUGH","Allegheny Valley North","Allegheny Valley",4,13392,"NH",350.19128417,0.54717391,"815","003100",7,"NEWCOM","East","Alle-Kiski Valley",1966,"{F29648DC-0D4F-4E35-8F2D-7B465DCFF308}",15780.076352106,15326024.0992573,"Allegheny Valley Regional","http://www.avrpd.com/","",NA,NA,NA,"",""
"35","Edgeworth Borough",4,"EDGEWORTH","BOROUGH","Quaker Valley","Quaker Valley",20,22576,"AA",1030.74377441,1.61053752,"824","003170",1,"Northwest Regional","North","Northwest",1974,"{7E8BDBA9-9260-48E1-91F0-CB52295B551E}",28621.888020179,46601036.6589099,"","https://edgeworthborough.org/services/police/","",9,4,5,"N","discipline"
"100","Sewickley Borough",5,"SEWICKLEY","BOROUGH","Quaker Valley","Quaker Valley",20,69376,"AA",718.30957031,1.12235879,"851","003490",1,"Northwest Regional","North","Northwest",1972,"{1441BB31-E106-4064-AF15-F91865A3F9CD}",42205.1046454296,31809702.0874052,"","https://www.sewickleyborough.org/155/Police-Department","",29,10,19,"","none"
"101","Sewickley Heights Borough",6,"SEWICKLEY HEIGHTS","BOROUGH",NA,"Quaker Valley",14,69400,"AA",4738.98974609,7.40467166,"869","003500",2,"Northwest Regional","North","Northwest",1976,"{3CE63EFC-D770-42E5-B926-AA5B58A9ED7C}",92658.8046093515,204090416.106609,"","","",5,3,2,"Y","time limit, discipline"
"52","Harmar Township",8,"HARMAR","TOWNSHIP","Allegheny Valley North","Allegheny Valley",18,32624,"NH",4060.85864257,6.34509229,"915","003250",7,"NEWCOM","East","Alle-Kiski Valley",1967,"{47AC83A5-9584-40E1-83D9-5DBF7CACF798}",62601.1267423772,176200733.628125,"","http://www.harmartownship-pa.gov/Police-Department.html","Teamsters LU 249",10,8,2,"N","false arrest, subpoena, discipline"
"44","Fox Chapel Borough",9,"FOX CHAPEL","BOROUGH","North Hills","Fox Chapel Area",18,27120,"NH",5025.40039062,7.85218763,"868","003215",3,"NEWCOM","North","North",1961,"{9CEC60FE-3B73-46DD-B87E-80C10336C321}",90610.1446251302,219518186.399131,"","https://www.fox-chapel.pa.us/police-department","",11,11,0,"N","time limit, discipline"
"45","Franklin Park Borough",12,"FRANKLIN PARK","BOROUGH","North Hills","North Allegheny",14,27552,"NH",8670.26953125,13.54729652,"884","003223",2,"Northwest Regional","North","North",1988,"{0036E079-D3E4-4438-B4BC-154C2D49D5DF}",90330.6169929372,377641707.444226,"","https://www.franklinparkborough.us/165/Police-Department","Teamsters LU 205",17,14,3,"N","false arrest, release, discipline"
"6","Bell Acres Borough",13,"BELL ACRES","BOROUGH","Quaker Valley","Quaker Valley",14,5216,"AA",3385.00341796,5.28906726,"883","003028",2,NA,"North","Northwest",1978,"{14BB2BA1-43DB-4FAA-8606-C1836D8D03A0}",66475.7065411938,149196765.302244,"","http://bellacresborough.org/borough-services/police/","",8,5,3,"N","discipline"
"62","Leet Township",14,"LEET","TOWNSHIP","Quaker Valley","Quaker Valley",14,42368,"AA",1024.35229492,1.60055005,"921","003302",1,"Northwest Regional","North","Northwest",1974,"{095FE692-50DB-4F0D-8E2E-66C529D734B6}",29571.5296463072,41844944.9411911,"","https://leettownship.org/police-department/","",9,5,4,"N","time limit, discipline"
"63","Leetsdale Borough",15,"LEETSDALE","BOROUGH","Quaker Valley","Quaker Valley",14,42392,"AA",753.32281494,1.17706692,"836","003305",1,"Northwest Regional","North","Northwest",1974,"{CB2B1592-B691-411C-A702-F6DB0518B2CD}",28343.7524995585,33487952.2863765,"","https://www.leetsdaleboro.net/index.asp?SEC=A1E4C7A2-C908-4D1F-9849-D81A0E07109F&Type=B_DIR","",9,5,4,"Y","false arrest, discipline"
"102","Sewickley Hills Borough",16,"SEWICKLEY HILLS","BOROUGH",NA,"Quaker Valley",14,69416,"AA",1564.79345703,2.44498896,"882","003505",2,"Northwest Regional","North","Northwest",1976,"{F590D4C3-3EE1-4118-933E-18C66AFF8FEF}",63157.414659987,68797357.0615469,"Ohio Township","https://www.ohiotwp.org/police","",NA,NA,NA,"Y",""
"84","Ohio Township",17,"OHIO","TOWNSHIP","North Hills","Avonworth",14,56392,"NH",4355.54785156,6.80554389,"932","003410",2,"Northwest Regional","North","Northwest",1976,"{C47771DC-FB14-4830-A752-48D8C6F20EC7}",62716.0046403343,191110323.196572,"","https://www.ohiotwp.org/police","",35,15,20,"Y","false arrest, time limit, discipline"
"95","Richland Township",18,"RICHLAND","TOWNSHIP","North Hills","Pine-Richland",4,64528,"NH",9362.0078125,14.62813758,"938","003465",2,"NEWCOM","North","North",1989,"{1508AD5C-78D5-426B-86CE-38F91251C541}",81489.3930901941,407810367.058939,"Northern Regional","https://nrpolice.com/","",NA,NA,NA,"N",""
"67","McCandless Township",19,"MCCANDLESS","TOWNSHIP","North Hills","North Allegheny",14,45900,"NH",10586.79785156,16.54187583,"927","003320",2,"Northwest Regional","North","North",1987,"{52EC9087-0585-4D67-9108-A6D838A13EC1}",86255.9112049226,462859094.905335,NA,NA,NA,NA,NA,NA,NA,NA
"54","Haysville Borough",22,"HAYSVILLE","BOROUGH","Quaker Valley","Quaker Valley",20,33312,"AA",137.77037048,0.21526624,"832","003260",4,"Northwest Regional","North","Northwest",1971,"{F56DCBED-98CA-4AF6-866B-5930666AF43A}",14877.8534678195,6604519.1813103,"Pennsyvlania State Police","","",NA,NA,NA,"",""
"46","Frazer Township",25,"FRAZER","TOWNSHIP","Allegheny Valley North","Deer Lakes",4,27608,"NH",5990.69384765,9.36045932,"913","003225",3,"NEWCOM","East","Alle-Kiski Valley",1980,"{AA1CD14B-9E0E-4CDE-AB39-7666EDF54222}",94103.7633928128,260421176.340224,"","http://www.frazertownship.net","",11,2,9,"N","time limit, subpoena, discipline"
"40","Fawn Township",26,"FAWN","TOWNSHIP","Allegheny Valley North","Highlands",4,25400,"NH",8234.72949218,12.86676406,"909","003195",3,"NEWCOM","East","Alle-Kiski Valley",1980,"{C2E59B0F-DBFE-4977-A64E-1CF4A7B35CDA}",86316.5659563272,359144487.144589,"","https://www.fawntownship.com","",1,1,0,"",""
"53","Harrison Township",27,"HARRISON","TOWNSHIP","Allegheny Valley North","Highlands",4,32832,"NH",5015.97558593,7.83746242,"916","003255",3,"NEWCOM","East","Alle-Kiski Valley",1972,"{A1997247-8CC0-4C49-A489-7C8F8D7B0DF9}",73912.8039787194,218006021.394849,"","http://harrisontwp.com/police-department/","Teamsters LU 249",13,13,0,"N","false arrest, time limit, discipline"
"112","Tarentum Borough",28,"TARENTUM","BOROUGH","Allegheny Valley North","Highlands",4,76104,"NH",903.48876953,1.4117012,"855","003555",3,"NEWCOM","East","Alle-Kiski Valley",1969,"{0E76751D-FEFC-495E-885A-BA6D57B20007}",32755.2993041149,38509597.3608703,"","http://tarentumboro.com/police-2","",10,9,1,"N","time limit, subpoena, discipline"
"48","Glen Osborne Borough",30,"GLEN OSBORNE","BOROUGH","Quaker Valley","Quaker Valley",20,57200,"AA",358.95779418,0.56087154,"846","003415",4,"Northwest Regional","North","Northwest",1971,"{9BA4C380-CA58-4B63-B666-ADB7604ACE9A}",17048.7556465504,15526679.4972186,"Sewickley Borough","","",NA,NA,NA,"","none"
"38","Emsworth Borough",31,"EMSWORTH","BOROUGH","Quaker Valley","Avonworth",14,23616,"NH",434.30648803,0.67860388,"826","003185",1,"Northwest Regional","North","Northwest",1957,"{9ECDC221-1DD3-40F4-B670-F6A33130BFD5}",20647.3643015614,19280311.4934987,"Ohio Township","https://www.ohiotwp.org/police","",NA,NA,NA,"Y",""
"49","Glenfield Borough",32,"GLENFIELD","BOROUGH","Quaker Valley","Quaker Valley",20,29592,"AA",639.73962402,0.99959313,"830","003235",4,"Northwest Regional","North","Northwest",1971,"{8EC80CBB-13BB-415B-A268-ECB08859198B}",23953.9043824017,27543994.6055964,"Pennyslvania State Police","","",NA,NA,NA,"",""
"3","Avalon Borough",34,"AVALON","BOROUGH","Quaker Valley","Northgate",14,3608,"NH",437.83358764,0.68411499,"802","003015",1,"Northwest Regional","North","Northwest",1955,"{2D297C51-54A6-4013-8328-9CDAC6743D57}",17648.4395266662,19254452.3879704,"","http://www.boroughofavalon.org/departments/policedepartment.html","",14,5,9,"Y","time limit, discipline"
"71","Millvale Borough",35,"MILLVALE","BOROUGH","North Hills","Shaler Area",18,49920,"NH",441.88302612,0.6904422,"838","003345",3,"NEWCOM","North","North",1956,"{F4572946-C0EB-4C4F-BC90-1EC711755465}",30123.2246224771,18892500.7190558,"","https://www.millvalepa.com/police","Teamsters LU 249",12,7,5,"Y","time limit, discipline"
"77","Neville Township",37,"NEVILLE","TOWNSHIP","Char-West","Cornell",14,53136,"AA",1500.70092773,2.34484529,"928","003375",4,"Northwest Regional","West","West",1970,"{E01EDC50-BEFA-498D-B0F6-5049F400400F}",58656.8681242124,65392546.3189583,"Ohio Township","https://www.ohiotwp.org/police","",NA,NA,NA,"Y",""
"8","Ben Avon Borough",38,"BEN AVON","BOROUGH","Quaker Valley","Avonworth",14,5504,"NH",284.06405639,0.44385015,"804","003035",1,"Northwest Regional","North","Northwest",1956,"{EA373915-8DEB-4AE1-AC5C-DC1093741B11}",16348.5981765489,12785491.4197289,"Ohio Township","https://www.ohiotwp.org/police","",NA,NA,NA,"Y",""
"9","Ben Avon Heights Borough",39,"BEN AVON HEIGHTS","BOROUGH",NA,"Avonworth",14,5520,"NH",109.5397644,0.17115594,"805","003040",1,"Northwest Regional","North","Northwest",1956,"{ED185FE5-3B0D-492F-8054-CA80F74DB277}",11336.4559355874,4837157.35259037,"Ohio Township","https://www.ohiotwp.org/police","",NA,NA,NA,"Y",""
"94","Reserve Township",41,"RESERVE","TOWNSHIP","North Hills","Shaler Area",18,64240,"NH",1299.43811035,2.0303719,"937","003460",3,"NEWCOM","North","North",1959,"{A9363CE6-0DC5-46C6-9907-D016A126F717}",51560.9890232526,57512157.4304525,"","https://reservetwp.com/home-1/police-department/","Teamsters LU 249",7,5,2,"Y","false arrest, time limit, discipline"
"103","Shaler Township",42,"SHALER","TOWNSHIP","North Hills","Shaler Area",18,69584,"NH",7172.96484375,11.20775794,"944","003510",3,"NEWCOM","North","North",1965,"{7476F99D-A034-4739-9980-7D4433758070}",101188.403085474,311159885.096956,"","https://www.shaler.org/151/Shaler-Police-Department","",27,27,0,"N","false arrest, time limit"
"31","East Deer Township",43,"EAST DEER","TOWNSHIP","Allegheny Valley North","Deer Lakes",4,21024,"NH",1613.70178222,2.52140927,"907","003150",3,"NEWCOM","East","Alle-Kiski Valley",1968,"{297910AC-50EF-49A2-B9BE-CC917BE15257}",44686.1870663351,68883156.4303956,"","http://eastdeertownship.org/police-department/","",8,1,7,"",""
"129","Wilkinsburg Borough",54,"WILKINSBURG","BOROUGH","Turtle Creek Valley","Wilkinsburg",18,85188,"ES",1445.36950683,2.25839066,"866","003640",10,"East Regional","East","Mon Valley",1952,"{3652B67D-2DAD-45DA-84AC-7BC166CF9C6B}",45737.9027503021,62790276.3119997,"","https://www.wilkinsburgpa.gov/departments/public-safety/wilkinsburg-police-department/","",22,22,0,"",""
"91","Plum Borough",64,"PLUM","BOROUGH","Turtle Creek Valley","Plum Borough",4,61536,"ES",18545.42578125,28.97723388,"880","003445",7,"East Regional","East","East",1997,"{775A637C-50BF-4CD7-BD36-45C8FE3791C8}",148303.570847821,807006205.982598,"","https://www.plumboro.com/police","",26,26,0,"N","false arrest, discipline"
"14","Braddock Hills Borough",65,"BRADDOCK HILLS","BOROUGH","Steel Rivers","Woodland Hills",18,8008,"MV",603.87060546,0.94354778,"872","003065",8,"East Regional","East","Mon Valley",1953,"{944E21E4-4F6B-45B3-BA2B-8D3103D8C95E}",30427.3553771323,26637595.9469348,NA,NA,NA,NA,NA,NA,NA,NA
"93","Rankin Borough",66,"RANKIN","BOROUGH","Turtle Creek Valley","Woodland Hills",18,63408,"MV",311.50842285,0.48673188,"849","003455",8,"East Regional","East","Mon Valley",1953,"{296FAF34-2AF8-4572-9132-4347B47EBF2E}",15122.5460643251,14106200.2053657,"","http://www.rankinborough.com/police","Teamsters LU 205",7,1,6,"Y","false arrest, time limit, discipline"
"111","Swissvale Borough",68,"SWISSVALE","BOROUGH","Turtle Creek Valley","Woodland Hills",18,75816,"MV",53.42275238,0.08347304,"854","003550",8,"East Regional","East","Mon Valley",1953,"{C47D76D0-882E-4CD4-BCF3-F1AC8ED6BAA5}",38913.7463676726,35072499.7362783,"","http://www.swissvaleborough.com/departments/police-department.aspx","",20,15,5,"Y","discipline"
"34","Edgewood Borough",69,"EDGEWOOD","BOROUGH","Turtle Creek Valley","Woodland Hills",14,22520,"ES",418.75741577,0.65430843,"823","003165",8,"East Regional","East","Mon Valley",1952,"{58962C34-7620-48B8-865C-75724959E148}",19165.1936366526,16373231.4441137,"","http://www.edgewood.pgh.pa.us/edgewoodpolice/index.htm","Teamsters LU 205",13,8,5,"N","destroy, release, discipline"
"124","West View Borough",76,"WEST VIEW","BOROUGH","North Hills","North Hills",14,84144,"NH",647.37426757,1.01152229,"864","003615",1,"Northwest Regional","North","North",1969,"{6412CAF8-9A94-4011-86F5-23B755115E1B}",29834.7413429103,28144791.1625172,NA,NA,NA,NA,NA,NA,NA,NA
"22","Churchill Borough",77,"CHURCHILL","BOROUGH","Turtle Creek Valley","Woodland Hills",18,13608,"ES",1398.2277832,2.18473124,"816","003105",8,"East Regional","East","Mon Valley",1953,"{9E3C5AD7-5746-4CF2-B58E-B41D2FCF311F}",47731.3834734057,60959053.0648752,"","http://www.churchillborough.com/churchill-departments/police.aspx","",8,8,0,"","false arrest, time limit, discipline"
"72","Monroeville Municipality",78,"MONROEVILLE","MUNICIPALI","Turtle Creek Valley","Gateway",18,52330,"ES",12622.49804687,19.72265625,"879","003350",8,"East Regional","East","East",1985,"{CADF64A3-7588-4E00-AF96-BF5F6452F088}",154194.622277989,549745705.265223,NA,NA,NA,NA,NA,NA,NA,NA
"20","Chalfant Borough",82,"CHALFANT","BOROUGH","Turtle Creek Valley","Woodland Hills",18,12496,"ES",104.56433105,0.16338172,"814","003095",8,"East Regional","East","Mon Valley",1954,"{DCEB0961-E9A4-4E3A-A462-0225C43B7AC4}",8568.05205852062,4363843.04474694,"Forest Hills Borough","https://foresthillspa.org","",NA,NA,NA,"N",""
"97","Ross Township",91,"ROSS","TOWNSHIP","North Hills","North Hills",14,66264,"NH",9257.41992187,14.46471881,"940","003475",1,"NEWCOM","North","North",1970,"{43F37FE1-25BB-49BC-B9FF-BD49F15E4707}",127120.674556819,403409570.702602,"","http://www.ross.pa.us/151/Police","",43,43,0,"N","false arrest, discipline"
"12","Brackenridge Borough",92,"BRACKENRIDGE","BOROUGH","Allegheny Valley North","Highlands",4,7976,"NH",357.32000732,0.55831247,"807","003055",3,"NEWCOM","East","Alle-Kiski Valley",1970,"{1D833932-20B6-4B84-BFEC-2E789AA0A50B}",17020.6113506819,15765193.3778391,NA,NA,NA,NA,NA,NA,NA,NA
"109","Springdale Township",93,"SPRINGDALE","TOWNSHIP","Allegheny Valley North","Allegheny Valley",18,72968,"NH",1553.41369628,2.42720937,"948","003540",3,"NEWCOM","East","Alle-Kiski Valley",1968,"{C7EB1A7C-C812-40F3-AD75-A4ED0103F96F}",38498.7485829471,66474086.7929104,"Allegheny Valley Regional","http://www.avrpd.com/","",0,NA,NA,"",""
"55","Heidelberg Borough",106,"HEIDELBERG","BOROUGH","South Hills Area","Chartiers Valley",18,33592,"SH",175.08248901,0.27356639,"833","003265",4,"Southwest Regional","West","West",1962,"{23F74B50-608D-43EB-8E53-B45513AF0A11}",11362.8452950905,8017121.03295534,"","http://heidelbergborough.org/police-department/","",9,5,4,"",""
"39","Etna Borough",107,"ETNA","BOROUGH","North Hills","Shaler Area",18,24160,"NH",505.64865112,0.79007607,"827","003190",3,"NEWCOM","North","North",1955,"{FF43DB02-1A93-4CF1-93BE-D0B9A92A75B8}",29563.373325217,22343456.3543823,"","http://www.etnaborough.org/public-safety.html","",8,7,1,"Y","false arrest, destroy, time limit"
"117","Verona Borough",108,"VERONA","BOROUGH","Allegheny Valley North","Riverview",18,80032,"ES",378.81277465,0.59189498,"859","003580",7,"East Regional","East","North",1982,"{BB233A18-21A8-48E0-9B83-A99D6EECE106}",21006.8282581957,16613246.629641,"","http://www.veronaborough.org/police-department","",8,4,4,"N","time limit, discipline"
"86","Pennsbury Village Borough",109,"PENNSBURY VILLAGE","BOROUGH","Char-West","Montour",14,59152,"AA",37.13928985,0.05803013,"871","003422",4,"Southwest Regional","West","West",1977,"{9715398C-BB83-4699-9D15-B67F2A3AC7AB}",5731.38507187783,2062195.43758371,NA,NA,NA,NA,NA,NA,NA,NA
"23","Clairton",111,"CLAIRTON","CITY","Steel Rivers","Clairton City",18,13704,"MV",1933.00305175,3.02031707,"200","003110",6,"Mon-Valley","South","Mon Valley",1966,"{E6608539-0E20-42C4-9CA9-868634F2758D}",50350.0247889289,83340027.3934892,NA,NA,NA,NA,NA,NA,NA,NA
"108","Springdale Borough",117,"SPRINGDALE","BOROUGH","Allegheny Valley North","Allegheny Valley",18,72960,"NH",698.27392578,1.091053,"853","003540",7,"NEWCOM","East","Alle-Kiski Valley",1967,"{7AAA94CA-3DED-4978-BE51-3A4FEEA34619}",23968.4036724926,30502560.6917031,"","http://springdaleboroughpd.com/","Teamsters LU 205",10,4,6,"Y","false arrest, time limit, release, discipline"
"83","Oakmont Borough",119,"OAKMONT","BOROUGH",NA,"Riverview",18,56088,"ES",1120.93444824,1.75145936,"845","003400",7,"East Regional","East","North",1983,"{14C92119-D260-4CBC-A877-045692C6E8F0}",33406.3605655142,49418543.5208343,"","https://oakmontborough.com/police/","Teamsters LU 249",14,7,7,"N","false arrest, discipline"
"11","Blawnox Borough",120,"BLAWNOX","BOROUGH","Allegheny Valley North","Fox Chapel Area",18,7000,"NH",277.07885742,0.43293577,"806","003050",3,"NEWCOM","North","North",1960,"{D895EFE2-9EBD-45AD-AD3F-A39048D120D9}",15147.1874828785,12281793.8851561,NA,NA,NA,NA,NA,NA,NA,NA
"90","Pleasant Hills Borough",122,"PLEASANT HILLS","BOROUGH","South Hills Area","West Jefferson Hills",18,61328,"SH",1792.18835449,2.80029368,"873","003440",6,"South Hills Regional","South","Mon Valley",1965,"{1D241E31-B03C-47EE-BE51-8F79925801C1}",41755.0741514679,77362137.3843572,"","https://www.pleasanthillspa.com/index.php/police","Teamsters LU 205",18,18,0,"","time limit, subpoena"
"104","Sharpsburg Borough",130,"SHARPSBURG","BOROUGH","North Hills","Fox Chapel Area",18,69776,"NH",414.5090332,0.64767032,"852","003515",3,"NEWCOM","North","North",1954,"{B2DB32D9-DB00-4C91-A0E3-2EBB998FB537}",24275.4424886221,17724018.6870774,"","https://www.sharpsburgborough.com/police-department","",9,6,3,"Y","time limit, subpoena"
"128","Wilkins Township",4132,"WILKINS","TOWNSHIP","Turtle Creek Valley","Woodland Hills",18,85184,"ES",1671.22631835,2.61129069,"953","003635",7,"East Regional","East","Mon Valley",1959,"{EAF2A691-EB4D-4041-9FF5-10FDC351E771}",62336.629066773,76458201.6829467,"","http://wilkinstownship.com/police.htm","",12,12,0,"N","destroy, time limit, subpoena, release, discipline"
"115","Turtle Creek Borough",4133,"TURTLE CREEK","BOROUGH","Turtle Creek Valley","Woodland Hills",18,77912,"MV",644.89764404,1.00765252,"858","003570",8,"East Regional","East","Mon Valley",1959,"{1A5FBB4C-12FF-44C4-85C2-8BA08AD75252}",30093.5614376766,27133285.3420793,"","https://www.turtlecreekborough.us/index.php/departments/police-department","",12,5,7,"","none"
"13","Braddock Borough",4134,"BRADDOCK","BOROUGH","Turtle Creek Valley","Woodland Hills",18,7992,"MV",414.30889892,0.64735764,"808","003060",8,"East Regional","East","Mon Valley",1953,"{3872BA96-3F08-45FC-A3E7-BAA4F22BDCA7}",18760.9999167926,18264805.5281665,"","https://www.braddockborough.com/police","Teamsters LU 205",9,0,9,"Y","time limit, subpoena, release, discipline"
"33","East Pittsburgh Borough",4135,"EAST PITTSBURGH","BOROUGH","Turtle Creek Valley","Woodland Hills",18,21712,"MV",250.96156311,0.39212751,"822","003160",8,"East Regional","East","Mon Valley",1954,"{7DF6C127-D0C5-4C0D-8910-9E713839960C}",15640.5485338326,10789039.0766506,"Pennsylvania State Police","","",NA,NA,NA,"N",""
"78","North Braddock Borough",4136,"NORTH BRADDOCK","BOROUGH","Turtle Creek Valley","Woodland Hills",18,54816,"MV",977.49279785,1.52733254,"843","003380",8,"East Regional","East","Mon Valley",1954,"{F472E16E-E3C3-496D-B144-F836B20FCF32}",35549.6798247014,43458002.4959535,"","https://northbraddockborough.com/departments/police/","FOP 91",10,1,9,"",""
"130","Wilmerding Borough",4138,"WILMERDING","BOROUGH","Turtle Creek Valley","East Allegheny",18,85496,"MV",281.61080932,0.44001686,"867","003645",8,"East Regional","East","Mon Valley",1972,"{F6917C59-3C45-4529-9900-271214D6CF8C}",19427.0842033712,11966765.3177798,"Allegheny County Police","https://www.alleghenycounty.us/police/index.aspx","",NA,NA,NA,"",""
"119","Wall Borough",4151,"WALL","BOROUGH","Turtle Creek Valley","East Allegheny",18,80600,"ES",240.45600891,0.37571251,"861","003590",8,"East Regional","East","Mon Valley",1971,"{9A9CDC74-31BA-443E-BF0D-1E9B37FC4795}",23918.6709784993,12408608.1916535,"East McKeesport Borough","","",NA,NA,NA,"",""
"118","Versailles Borough",4152,"VERSAILLES","BOROUGH","Steel Rivers","McKeesport Area",18,80040,"MV",345.72399902,0.54019373,"860","003585",9,"Mon-Valley","South","Mon Valley",1975,"{CBF9A6B7-857C-4808-BD97-0C147A4A7AB8}",17193.8526630825,15076256.6613151,"","","",7,2,5,"",""
"29","Dravosburg Borough",5337,"DRAVOSBURG","BOROUGH","Steel Rivers","McKeesport Area",18,19856,"MV",685.87915039,1.07168626,"820","003140",9,"Mon-Valley","South","Mon Valley",1964,"{2015CABD-1C4F-40CB-8501-BC2DD491C49C}",25207.7003632337,29561155.5418953,"McKeesport City","","",NA,NA,NA,"",""
"70","McKeesport",5344,"MCKEESPORT","CITY","Steel Rivers","McKeesport Area",18,46256,"MV",3468.84692382,5.4200735,"400","003330",9,"Mon-Valley","South","Mon Valley",1973,"{854A0310-19C4-461D-A6B5-612B47367FC4}",73716.5723930525,151723368.618132,NA,NA,NA,NA,NA,NA,NA,NA
"92","Port Vue Borough",5356,"PORT VUE","BOROUGH","Steel Rivers","South Allegheny",18,62320,"MV",748.59301757,1.16967654,"848","003450",9,"Mon-Valley","South","Mon Valley",1974,"{5CFF2331-42BD-4BD5-A57A-F6D74AC0F739}",23491.4258156575,32562150.8473149,"","http://portvue.org/local-government/police-department/","Teamsters LU 205",12,2,10,"Y","false arrest, time limit, subpoena, discipline"
"47","Glassport Borough",5367,"GLASSPORT","BOROUGH","Steel Rivers","South Allegheny",18,29432,"MV",1148.58312988,1.79466092,"829","003230",9,"Mon-Valley","South","Mon Valley",1974,"{B5A8AD29-2016-4AA9-B1E0-8E5C780D6521}",33299.5653892116,49829992.1234155,"","https://glassportborough.net/police-department","Teamsters LU 205",13,7,6,"Y","false arrest, time limit, subpoena, discipline"
"30","Duquesne",5373,"DUQUESNE","CITY","Steel Rivers","Duquesne City",18,20432,"MV",1315.8885498,2.05607652,"300","003145",9,"Mon-Valley","South","Mon Valley",1963,"{81C2196E-427F-49E5-B1D4-D9FAD837B9EC}",33275.0438546628,56134321.2376517,NA,NA,NA,NA,NA,NA,NA,NA
"64","Liberty Borough",5736,"LIBERTY","BOROUGH","Steel Rivers","South Allegheny",18,43064,"MV",943.39855957,1.47406029,"837","003310",9,"Mon-Valley","South","Mon Valley",1977,"{FE592E52-219D-46F1-9221-0B4DAE603A46}",36098.6167073999,40987343.152759,"","http://www.libertyborough.com/","Teamsters LU 205",8,2,6,"Y","false arrest, time limit, discipline"
"65","Lincoln Borough",6153,"LINCOLN","BOROUGH","Steel Rivers","South Allegheny",18,43408,"MV",3289.41967773,5.13971853,"881","003315",9,"Mon-Valley","South","Mon Valley",1977,"{4639BF1B-229B-4271-AD5B-D100075B515C}",64658.852673022,139739752.038599,"","https://www.lincolnborough.com/public-safety.html","Teamsters LU 205",10,2,8,"Y","destroy, time limit, subpoena, discipline"
"37","Elizabeth Township",6942,"ELIZABETH","TOWNSHIP","South Hills Area","Elizabeth Foreward",18,23000,"MV",14758.37402343,23.05995368,"908","003180",9,"Mon-Valley","South","Mon Valley",1981,"{3E063B53-3C78-4DE5-B241-A4FA36D7E42C}",151375.319638014,645240739.265598,"","http://elizabethtownshippa.com/home/public-safety/police-department/","Teamsters LU 205",13,13,0,"Y","false arrest, time limit, release, discipline"
"36","Elizabeth Borough",6959,"ELIZABETH","BOROUGH","Steel Rivers","Elizabeth Foreward",18,22992,"MV",251.57983398,0.39309343,"825","003180",9,"Mon-Valley","South","Mon Valley",1980,"{543A93AA-4E57-4DFD-AE95-38D1E2B3F4F6}",17701.7931454841,11616505.6909742,"","http://elizabethpa.net/police/","",14,1,13,"Y","false arrest, destroy, time limit, release, discipline"
"121","West Elizabeth Borough",6983,"WEST ELIZABETH","BOROUGH","Steel Rivers","West Jefferson Hills",18,82848,"MV",146.38269042,0.22872297,"862","003600",9,"Mon-Valley","South","Mon Valley",1964,"{11F628CF-AF36-4290-A69B-6D2CE9BA5133}",13736.2095252055,6823386.5691648,"Elizabeth Borough","http://elizabethpa.net/police/","",NA,NA,NA,"",""
"106","South Park Township",7372,"SOUTH PARK","TOWNSHIP","South Hills Area","South Park",20,6064,"SH",7491.74658203,11.70585441,"945","003045",5,"South Hills Regional","South","South",1962,"{0C8E0AF1-E6D5-4E60-8390-621671FBF39C}",72784.4082397541,260282934.201104,"","http://www.southparktwp.com/services_police.php","Teamsters LU 205",15,15,0,"Y","time limit, subpoena, release, discipline"
"123","West Mifflin Borough",9365,"WEST MIFFLIN","BOROUGH","South Hills Area","West Mifflin Area",18,83512,"MV",1510.90808105,2.36079382,"870","003370",9,"Mon-Valley","South","Mon Valley",1964,"{F4C42407-4E39-486B-B3D5-F65FFFDFEB4E}",140091.59410917,404292502.823759,NA,NA,NA,NA,NA,NA,NA,NA
"75","Mount Oliver Borough",9400,"MOUNT OLIVER","BOROUGH",NA,"City of Pittsburgh",14,51744,"PGH",215.67382812,0.33699032,"839","003365",0,"City of Pittsburgh","City","Pittsburgh",1950,"{0CE53D0A-2C0E-4BEA-B562-9F01E89FB1E5}",13569.5665190313,9459339.20897971,"","https://mtoliver.com/home/mt-oliver-government/public-safety/","Teamsters LU 205",45,45,0,"Y","false arrest"
"125","Whitaker Borough",9428,"WHITAKER","BOROUGH","Steel Rivers","West Mifflin Area",18,84440,"MV",211.78500366,0.33091405,"865","003620",8,"Mon-Valley","South","Mon Valley",1955,"{39EC5992-EED1-4A0B-84DE-5054E3646202}",16936.7895488593,9115152.03692428,"","","Teamsters LU 205",9,0,9,"Y","false arrest, time limit, discipline"
"56","Homestead Borough",10241,"HOMESTEAD","BOROUGH","Steel Rivers","Steel Valley",14,35424,"MV",417.5508728,0.65242326,"834","003270",11,"Mon-Valley","South","Mon Valley",1954,"{5DE92C20-A2E7-42E5-B788-F08EA7A653EC}",23141.2393819098,17858544.5028437,"","http://www.homesteadborough.com/government/departments/police.aspx","Teamsters LU 205",16,12,4,"Y","false arrest, time limit, subpoena, release, discipline"
"76","Munhall Borough",10640,"MUNHALL","BOROUGH","Steel Rivers","Steel Valley",18,52320,"MV",1510.90808105,2.36079382,"840","003370",11,"Mon-Valley","South","Mon Valley",1955,"{A37E6729-B290-450C-BADD-66873E71431D}",56717.9391962061,65833906.5344292,"","http://www.munhallpa.us/borough-munhall-departments/police-department/","",25,25,0,"Y","false arrest, time limit, discipline"
"122","West Homestead Borough",10659,"WEST HOMESTEAD","BOROUGH","Steel Rivers","Steel Valley",18,83200,"MV",643.7578125,1.00587153,"863","003605",11,"Mon-Valley","South","Mon Valley",1954,"{DB5F4536-7F87-4C7A-BDD4-A8C07516C457}",37019.875353605,28231412.8362284,NA,NA,NA,NA,NA,NA,NA,NA
"50","Green Tree Borough",11467,"GREEN TREE","BOROUGH","South Hills Area","Keystone Oaks",14,31256,"SH",1328.24096679,2.07537651,"831","003240",12,"Southwest Regional","South","South",1956,"{B973BCB4-F77C-42AA-972B-72EFD5E72D33}",35846.3584839058,57843255.6117376,"","http://www.greentreeboro.com/gtpdindex.php","Teamsters LU 205",9,9,0,"Y","false arrest, time limit, release, discipline"
"28","Dormont Borough",11861,"DORMONT","BOROUGH","South Hills Area","Keystone Oaks",18,19576,"SH",490.77185058,0.76683109,"819","003135",12,"South Hills Regional","South","South",1953,"{E4DCA2C5-3ACE-4208-9C4C-357B10C894AB}",23640.115521471,21191562.8832898,"","http://boro.dormont.pa.us/police/","",13,13,0,"Y","time limit, release, discipline"
"5","Baldwin Township",11882,"BALDWIN","TOWNSHIP","South Hills Area","Baldwin-Whitehall",18,3952,"SH",315.47595214,0.49293124,"902","003020",6,"South Hills Regional","South","South",1959,"{E1C03870-63BA-4FB3-A242-C3004EF6C59E}",29636.3242769868,14142168.8740293,"","https://www.baldwintownship.com/publicsafety.html#police","FOP 91",4,4,0,"N","discipline"
"16","Brentwood Borough",12691,"BRENTWOOD","BOROUGH","South Hills Area","Brentwood Borough",18,8416,"SH",944.37341308,1.47558343,"810","003075",6,"South Hills Regional","South","South",1956,"{3A5C3C99-1AF3-4A22-82DC-2C06A754F914}",30221.1680828201,40389154.5352097,NA,NA,NA,NA,NA,NA,NA,NA
"4","Baldwin Borough",13439,"BALDWIN","BOROUGH","South Hills Area","Baldwin-Whitehall",18,3928,"SH",3730.4074707,5.8287611,"877","003020",6,"South Hills Regional","South","South",1960,"{31AF7280-38D9-4FA7-BCC2-AFA786EB1598}",140146.11208098,163813456.492179,"","http://www.baldwinborough.org/173/Police-Department","Teamsters LU 205",24,24,0,"N","false arrest, destroy, time limit, release, discipline"
"127","Whitehall Borough",13848,"WHITEHALL","BOROUGH","South Hills Area","Baldwin-Whitehall",18,84512,"SH",2110.15917968,3.29712343,"874","003625",6,"South Hills Regional","South","South",1957,"{D35D0B16-93D5-4B50-B594-C91640658AC1}",64705.3125304555,92667606.3968819,"","https://whitehallboro.org/for-safety/police-department/","",19,19,0,"Y","time limit, subpoena, release"
"74","Mount Lebanon",13871,"MOUNT LEBANON","TOWNSHIP","South Hills Area","Mt. Lebanon",18,51696,"SH",3891.8540039,6.08102178,"926","003360",5,"South Hills Regional","South","South",1963,"{54EFC8A3-442F-4A11-9F01-7EEC585A33FD}",85476.6282333738,169474477.661634,NA,NA,NA,NA,NA,NA,NA,NA
"19","Castle Shannon Borough",13872,"CASTLE SHANNON","BOROUGH","South Hills Area","Keystone Oaks",18,11680,"SH",1027.09692382,1.60483908,"813","003090",6,"South Hills Regional","South","South",1958,"{D8A872AF-C402-40F9-AF3E-2466FBA45A5C}",45949.0338974418,44482879.0577863,NA,NA,NA,NA,NA,NA,NA,NA
"60","Kennedy Township",13877,"KENNEDY","TOWNSHIP","Char-West","Montour",14,39312,"AA",3535.63427734,5.52442789,"919","003290",4,"Southwest Regional","West","West",1975,"{94F3EF4F-6BE3-41BB-B30B-4FCA1378A5B9}",59232.6424324859,154104209.435732,"","http://www.kennedytwp.com/public-safety/","",13,12,1,"N","destroy, time limit, subpoena, discipline"
"17","Bridgeville Borough",14248,"BRIDGEVILLE","BOROUGH","Char-West","Chartiers Valley",20,8624,"SH",693.3338623,1.0833342,"811","003080",4,"Southwest Regional","West","West",1965,"{66268719-5F68-4006-84CB-264D855C3E9C}",30179.6743964087,30568232.756747,NA,NA,NA,NA,NA,NA,NA,NA
"116","Upper St. Clair Municipality",14256,"UPPER ST. CLAIR","MUNICIPALI","South Hills Area","Upper St. Clair Area",20,79274,"SH",6255.60693359,9.7743864,"950","003575",5,"South Hills Regional","South","South",1966,"{AC96902E-6174-4981-8EFC-DA28B5457CCB}",88076.4232798703,273504438.665038,NA,NA,NA,NA,NA,NA,NA,NA
"58","Ingram Borough",14282,"INGRAM","BOROUGH","Char-West","Montour",14,37000,"AA",279.21697998,0.43627655,"835","003280",12,"Southwest Regional","West","West",1953,"{1ACBCB2A-DF9C-411D-8FB5-2DC33A099B56}",17781.8756060288,12098871.5509143,"","https://www.ingramborough.org/police-department","",8,4,4,"N","destroy, discipline"
"110","Stowe Township",14291,"STOWE","TOWNSHIP","Char-West","Sto-Rox",14,74648,"AA",1464.63146972,2.288486,"949","003545",4,"Southwest Regional","West","West",1974,"{8395EE0C-10B7-4627-AEF7-998E9EE71639}",42211.8923799881,64021333.045472,"","http://stowetwp.net/departments/police/","",11,9,2,"N","false arrest, time limit"
"69","McKees Rocks Borough",14306,"MCKEES ROCKS","BOROUGH","Char-West","Sto-Rox",14,46264,"AA",717.44970703,1.12101519,"842","003335",4,"Southwest Regional","West","West",1953,"{940A8C2B-8AEE-481C-B29F-597BB2366E4E}",29287.9334714921,31224107.7432364,"","","",46,41,5,"Y","time limit, subpoena"
"113","Thornburg Borough",14642,"THORNBURG","BOROUGH","Char-West","Montour",14,76560,"AA",276.66604614,0.43229061,"856","003560",4,"Southwest Regional","West","West",1954,"{F63F45F2-C748-4422-8EA5-2514EC172BA3}",15221.0310686955,12208667.0649558,"Crafton Borough","","",NA,NA,NA,"",""
"26","Crafton Borough",14645,"CRAFTON","BOROUGH","Char-West","Carlynton",14,16848,"AA",734.24633789,1.14725983,"818","003125",4,"Southwest Regional","West","West",1954,"{D6E94D87-A500-4EC9-9FAB-E6E9110589A4}",30867.401127252,31780584.136202,"","https://www.craftonborough.com/emergency-services","",10,10,0,"Y","false arrest, destroy, time limit, subpoena, release, discipline"
"98","Rosslyn Farms Borough",14655,"ROSSLYN FARMS","BOROUGH","Char-West","Carlynton",14,66320,"AA",353.49093627,0.55232954,"850","003480",4,"Southwest Regional","West","West",1955,"{C9844CAC-E013-4BA9-A623-5A80BEAEF3B3}",23953.9945276056,15472794.0139217,"Scott Township","https://scottpd.us/","",0,NA,NA,"Y",""
"99","Scott Township",14661,"SCOTT","TOWNSHIP","South Hills Area","Chartiers Valley",18,68388,"SH",2484.29443359,3.88170933,"941","003485",4,"Southwest Regional","West","West",1961,"{B9C1F160-AE1F-45CA-AC27-B1D180B047D4}",92043.6489229899,108508909.976016,"","https://scottpd.us/","",21,21,0,"Y","false arrest, destroy, time limit, subpoena"
"18","Carnegie Borough",14664,"CARNEGIE","BOROUGH","Char-West","Carlynton",18,11336,"SH",1040.5480957,1.62585628,"812","003085",4,"Southwest Regional","West","West",1958,"{52AC39C1-DDAA-4E94-979A-D624B24C0ACE}",31985.1181855465,45199658.9647969,NA,NA,NA,NA,NA,NA,NA,NA
"27","Crescent Township",14678,"CRESCENT","TOWNSHIP","Char-West","Moon Area",20,17048,"AA",1511.14416503,2.36116242,"906","003130",1,"Northwest Regional","West","West",1978,"{9F8166A1-9D75-4868-BEBA-1574A8CD86DD}",37099.4683905776,63387219.8986597,"","http://crescenttownship.com/departments/police/","Teamsters LU 205",9,5,4,"Y","false arrest, time limit, subpoena, discipline"
"73","Moon Township",14692,"MOON","TOWNSHIP","South Hills Area","Moon Area",20,50784,"AA",15352.37011718,23.98807907,"925","003355",1,"Northwest Regional","West","West",1979,"{6C4C3849-406D-468D-B7E5-FF537826B0A2}",140846.96253329,672206145.513516,"","https://www.moonpolice.us/","",30,30,0,"Y","false arrest, time limit, subpoena, release, discipline"
"25","Coraopolis Borough",14694,"CORAOPOLIS","BOROUGH","Char-West","Cornell",20,16144,"AA",946.46716308,1.47885501,"817","003120",1,"Northwest Regional","West","West",1979,"{88A19229-C6D1-40CC-A3FF-FB74D994A760}",28294.2904370224,40798472.4927563,"","http://coraopolispa.com/police-department/","",12,9,3,"N","false arrest, subpoena"
"96","Robinson Township",14697,"ROBINSON","TOWNSHIP","Char-West","Montour",14,65352,"AA",9622.30078125,15.03484535,"939","003470",4,"Northwest Regional","West","West",1977,"{B88B62AD-7BD5-432B-B477-492B700C7EFC}",146474.198596979,427056769.738219,"","https://townshipofrobinson.com/robinson-township-police/","",30,30,0,"","false arrest, time limit, discipline"
"82","Oakdale Borough",15470,"OAKDALE","BOROUGH","Char-West","West Allegheny",20,55840,"AA",285.33847045,0.4458414,"844","003395",4,"Southwest Regional","West","West",2007,"{6F0E47B6-3116-432B-B888-B28AEFFE3B4C}",19733.0970896232,13081632.597215,"","","",16,0,16,"",""
"68","McDonald Borough",15516,"MCDONALD","BOROUGH",NA,"Fort Cherry",20,46072,"AA",121.22844696,0.18941937,"841","003325",5,"Southwest Regional","West","West",2007,"{B3ABDB2D-C811-447B-9F24-C0F88DAB24DF}",14273.7179116287,5394762.94461744,"","MOSTLY IN WESTMORELAND COUNTY","",NA,NA,NA,"",""
"105","South Fayette Township",15520,"SOUTH FAYETTE","TOWNSHIP","Char-West","South Fayete Township",20,72160,"AA",13000.65722656,20.31353187,"946","003525",5,"Southwest Regional","West","West",2007,"{683371B8-88BF-4487-8FB7-24AB3A998DF0}",122504.276626533,565742257.854325,"","https://southfayettepa.com/142/Police","",20,20,0,"N","false arrest, destroy, time limit, discipline"
"79","North Fayette Township",15581,"NORTH FAYETTE","TOWNSHIP","Char-West","West Allegheny",20,55016,"AA",16090.4140625,25.14126586,"929","003385",4,"Southwest Regional","West","West",2007,"{021EA3B6-5179-444F-B204-C1B9A8E36AD1}",135929.361837633,702308293.788669,"","https://north-fayette.com/178/Police","",24,21,3,"Y","false arrest, time limit, release, discipline"
"41","Findlay Township",16275,"FINDLAY","TOWNSHIP","South Hills Area","West Allegheny",20,25904,"AA",20697.90429687,32.34046936,"910","003200",4,"Northwest Regional","West","West",2007,"{3477FE2B-056A-4E4E-8335-832510F665A7}",145190.047213956,901428605.502502,"","http://www.findlaytwp.org/151/Police","",19,18,1,"N","false arrest, release, discipline"
"43","Forward Township",17073,"FORWARD","TOWNSHIP","Steel Rivers","Elizabeth Foreward",18,26896,"MV",12703.65527343,19.84946823,"911","003210",9,"Mon-Valley","South","Mon Valley",1990,"{2004C3D4-EE05-4594-9579-086A6915E6B6}",104989.763793487,554146338.372814,"","http://forwardtownship.com","",10,1,9,"",""
"107","South Versailles Township",17476,"SOUTH VERSAILLES","TOWNSHIP","Steel Rivers","McKeesport Area",18,72568,"MV",633.78521728,0.99028939,"947","003530",9,"Mon-Valley","South","Mon Valley",1975,"{99488CF4-5FAF-43B3-90AD-3865C5E8791F}",29117.8509422138,27238741.3992363,"White Oak Borough","","",0,NA,NA,"",""
"126","White Oak Borough",18278,"WHITE OAK","BOROUGH","Steel Rivers","McKeesport Area",18,84704,"MV",4233.85595703,6.61539983,"875","003630",9,"Mon-Valley","South","Mon Valley",1975,"{B378A25E-3176-4033-8510-FFB0C367F8AC}",64577.0548263081,185914885.623703,"","http://www.woboro.com/departments.htm#police","FOP 91",11,11,0,"Y","false arrest, time limit, discipline"
"80","North Versailles Township",18673,"NORTH VERSAILLES","TOWNSHIP","Turtle Creek Valley","East Allegheny",18,55488,"MV",5342.85693359,8.34821414,"930","003390",8,"East Regional","East","Mon Valley",1972,"{6D67CB8D-B590-4179-A731-4E9B1A99E39B}",118315.124325808,227961965.314771,"","https://nvtpa.com/police/","Teamsters LU 205",22,18,4,"Y","false arrest, time limit, subpoena, release, discipline"
"87","Pine Township",19071,"PINE","TOWNSHIP","North Hills","Pine-Richland",4,60272,"NH",10785.91015625,16.85298347,"935","003425",2,"NEWCOM","North","North",2007,"{D30A8FC8-66A5-4855-B230-B709166B7E71}",86866.5485812122,473019910.784918,"Northern Regional","https://nrpolice.com/","",NA,NA,NA,"N",""
"66","Marshall Township",19479,"MARSHALL","TOWNSHIP","North Hills","North Allegheny",4,47696,"NH",9874.30371093,15.42860031,"923","003340",2,"NEWCOM","North","North",2007,"{C7D5388E-0DA6-44F5-B7D7-3ADA65F47236}",105462.324729424,430424937.883506,"Northern Regional","https://nrpolice.com/","",NA,NA,NA,"N",""
"15","Bradford Woods Borough",19482,"BRADFORD WOODS","BOROUGH","North Hills","North Allegheny",4,8064,"NH",589.59259033,0.92123842,"809","003070",2,"NEWCOM","North","North",2007,"{99972DBE-FDB3-4DDD-B8B8-0D2D92EF5B7E}",26900.5981036864,24844497.5987023,NA,NA,NA,NA,NA,NA,NA,NA
"1","Aleppo Township",21872,"ALEPPO","TOWNSHIP","Quaker Valley","Quaker Valley",14,724,"AA",1124.58923339,1.75717031,"901","003005",1,"Northwest Regional","North","Northwest",1974,"{549BD1A0-64CC-4110-9E98-7FD73ED9373E}",43979.8784775903,49680467.1207701,"Ohio Township","https://www.ohiotwp.org/police","",NA,NA,NA,"Y",""
"24","Collier Township",22273,"COLLIER","TOWNSHIP","Char-West","Chartiers Valley",14,15216,"AA",8943.53320312,13.97426986,"905","003115",4,"Southwest Regional","West","West",2007,"{AA624D33-E8DF-4CEF-93F8-8194697FACC1}",89481.9707400968,380820200.466446,"","https://www.colliertownship.net/154/Police-Services","",18,18,0,"Y","false arrest, destroy, time limit, subpoena, discipline"
"51","Hampton Township",24280,"HAMPTON","TOWNSHIP","North Hills","Hampton Township",14,32328,"NH",10367.59960937,16.19937515,"914","003245",2,"NEWCOM","North","North",1986,"{EEF460BA-3707-44AB-A94C-563BC0DA8247}",87000.1574977716,451725265.363141,"","https://www.hampton-pa.org/182/Police-Department","Teamsters LU 249",22,18,4,"N","discipline"
"88","Pitcairn Borough",25480,"PITCAIRN","BOROUGH","Turtle Creek Valley","Gateway",18,60712,"ES",309.70388793,0.48391234,"847","003430",8,"East Regional","East","East",1982,"{FE367532-0A4B-48AC-BEB3-3131BB396E97}",30403.9916504173,14086602.4085296,"","http://pitcairnborough.us/index.php?option=com_content&task=view&id=24&Itemid=55","Teamsters LU 205",14,3,11,"Y","false arrest, time limit, subpoena, discipline"
"57","Indiana Township",26689,"INDIANA","TOWNSHIP","North Hills","Fox Chapel Area",18,36808,"NH",11256.24023437,17.58787536,"917","003275",3,"NEWCOM","North","North",1986,"{41ADB597-00F4-43B8-9CC5-1282E518EF25}",128190.007879349,489857063.715643,"","https://www.indianaboro.com/police","",13,10,3,"N",""
"81","O Hara Township",29481,"O'HARA","TOWNSHIP","North Hills","Fox Chapel Area",18,56384,"NH",2247.91699218,3.51237034,"931","003405",3,"NEWCOM","North","North",1960,"{41770961-A728-41E6-82B9-8EE24EDED590}",129919.629508569,205339325.653938,NA,NA,NA,NA,NA,NA,NA,NA
"2","Aspinwall Borough",29482,"ASPINWALL","BOROUGH","Allegheny Valley North","Fox Chapel Area",18,3320,"NH",245.54315185,0.38366124,"801","003010",3,"NEWCOM","North","North",1954,"{0FD56362-2325-440F-B763-4155993A0FEB}",16708.6086892641,10791771.8320161,"","https://www.aspinwallpa.com/aspinwall-police","",9,6,3,"N","time limit, discipline"
"120","West Deer Township",30282,"WEST DEER","TOWNSHIP","North Hills","Deer Lakes",4,82800,"NH",18471.13476562,28.8611412,"952","003595",2,"NEWCOM","East","Alle-Kiski Valley",1988,"{3E651835-375A-40DF-B0C2-59F3B75D9174}",114100.000021744,805154338.290131,"","http://www.westdeertownship.com/police-department/","",19,14,5,"",""
"59","Jefferson Hills Borough",30285,"JEFFERSON HILLS","BOROUGH","South Hills Area","West Jefferson Hills",18,37816,"SH",10813.69140625,16.89639091,"878","003285",6,"South Hills Regional","South","Mon Valley",1968,"{9419C042-55C5-47B3-B340-D515DF9675C9}",128888.152941315,466870744.599978,"","https://www.jeffersonhillsboro.org/Police.aspx","Teamsters LU 205",20,20,0,"N","false arrest, time limit, subpoena, release, discipline"
"7","Bellevue Borough",31086,"BELLEVUE","BOROUGH","Quaker Valley","Northgate",14,5312,"NH",706.68798828,1.1042,"803","003030",1,"Northwest Regional","North","Northwest",1955,"{9B0A557A-F0DE-42D3-A041-DA5263183956}",25820.5044807092,31326370.9543932,"","https://allegheny.crimewatchpa.com/bellevuepd","",13,13,0,"Y","false arrest, destroy, time limit, subpoena, discipline"
"10","Bethel Park Municipality",31497,"BETHEL PARK","MUNICIPALI","South Hills Area","Bethel Park",20,6064,"SH",7491.74658203,11.70585441,"876","003045",5,"South Hills Regional","South","South",1962,"{0F876147-366A-4A1D-A786-8AA8312BD071}",75062.7947336293,326240031.484614,NA,NA,NA,NA,NA,NA,NA,NA
"114","Trafford Borough",31503,"TRAFFORD","BOROUGH",NA,"Penn-Trafford",18,77272,"MV",93.27004241,0.14573444,"857","003565",8,"East Regional","East","East",1999,"{98716D9E-576B-42FE-99F0-EA6440CF0D4F}",25792.5134923465,7818516.62314499,"","MOSTLY IN WESTMORELAND COUNTY","",NA,NA,NA,"",""
"61","Kilbuck Township",31505,"KILBUCK","TOWNSHIP","Quaker Valley","Avonworth",14,39624,"NH",1696.04296875,2.65006709,"920","003295",1,"Northwest Regional","North","Northwest",1971,"{220B6ED1-35DB-40E1-97F6-C5F1B9533985}",62377.3763283864,72184629.7475049,"Ohio Township","https://www.ohiotwp.org/police","",0,NA,NA,"Y",""
"32","East McKeesport Borough",31510,"EAST MCKEESPORT","BOROUGH","Turtle Creek Valley","East Allegheny",18,21496,"MV",242.55856323,0.3789978,"821","003155",8,"East Regional","East","Mon Valley",1971,"{2A7329DD-A15E-4E7E-A7E2-D215E8B5B5AB}",18453.2045150612,11510250.5586996,"","http://www.eastmckeesportboro.com/police.htm","",9,3,6,"N","time limit"
"89","Pittsburgh",31908,"PITTSBURGH","CITY",NA,"City of Pittsburgh",14,61000,"PGH",NA,NA,"100","003435",13,"City of Pittsburgh","City","City",1948,"{3689576C-BDF6-4E79-BFE3-579E96F76637}",406631.811417066,1626595347.0645,"","https://pittsburghpa.gov/police/","FOP 1",971,971,0,"Y","none"
"85","Penn Hills Municipality",35908,"PENN HILLS","MUNICIPALI","Turtle Creek Valley","Penn Hills",18,59032,"ES",12455.72851562,19.46207809,"934","003420",7,"East Regional","East","East",1984,"{E4ED7404-D1EA-41A3-9E17-070FDAE0C8F0}",119872.740621061,540032714.346964,NA,NA,NA,NA,NA,NA,NA,NA
"42","Forest Hills Borough",36708,"FOREST HILLS","BOROUGH","Turtle Creek Valley","Woodland Hills",18,26592,"ES",990.75531005,1.54805517,"828","003205",8,"East Regional","East","Mon Valley",1953,"{0AC0ECF3-E435-44A9-B3E8-9E2A57827230}",35813.7862465664,43627999.7066428,"","https://foresthillspa.org","",10,9,1,"N","false arrest, time limit, subpoena, discipline"
